Workbook

Sheet Start_Here
A1: Developer Productivity MVP — Intern Assignment Pack
A2: This workbook is designed for freshers. Read the first 5 sheets in order before you start building anything.
A3: Item | B3: Explanation | C3: Why it matters
A5: What you are building | B5: A small MVP that helps a developer understand their metrics, interpret likely causes, and see one or two practical next steps. | C5: We want to see product thinking, not just dashboards.
A6: Recommended user | B6: Start with one Individual Contributor (IC). If time permits, add a simple manager summary. | C6: A smaller focused solution usually performs better.
A7: Required stack | B7: Use React.js for the front end. You may choose any reasonable backend, database, or mock server. | C7: We want to evaluate core software development ability.
A8: What success looks like | B8: A clean flow, reasonable metric logic, and a demo you can explain confidently. | C8: Clarity matters more than complexity.
A9: Main warning | B9: Do not over-scope. Do not build a giant analytics platform. Do not hide behind AI-generated code you cannot explain. | C9: Good judgment is part of the assignment.
A12: Read these sheets in order
A13: Sheet | B13: How to use it
A14: Developer_Productivity_Brief | B14: Understand the domain: who a developer is, what SDLC means, and why these 5 metrics matter.
A15: Assignment_Steps | B15: Follow these steps if you are unsure how to approach the assignment.
A16: AI_Guide | B16: Use AI to understand and accelerate. Do not let AI replace your thinking.
A17: Data_Model_Overview | B17: See how the source tables fit together.
A18: Metric_Examples | B18: Understand one simple way to calculate the assignment metrics.

Sheet Developer_Productivity_Brief
A1: Developer Productivity Brief
A2: This gives you enough context to understand the assignment even if you have never worked on a software engineering product before.
A3: Topic | B3: Plain-English explanation | C3: Why it matters
A5: Who is a developer? | B5: A developer is someone who builds and changes software. They write code, review code, test changes, and ship releases with a team. | C5: The product you build should help this user make better decisions.
A6: What is SDLC? | B6: SDLC stands for Software Development Life Cycle. In simple terms: plan work, pick up a ticket, write code, review code, test it, deploy it, and fix issues after release. | C6: The metrics in this assignment come from these SDLC steps.
A7: Why do teams use developer productivity metrics? | B7: Good teams use metrics to find bottlenecks, improve quality, and make delivery healthier. They should not use them blindly to judge people. | C7: Your solution should feel helpful, not punitive.
A8: What is the actual product challenge? | B8: Metrics tell you what happened. A better product helps the user interpret those metrics and decide what to do next. | C8: This is the key problem you are solving.
A11: The 5 metrics in this assignment
A12: Metric | B12: What it means in this workbook | C12: Why a developer should care | D12: Main source tables
A13: Lead Time for Changes | B13: Average time from PR opened to successful production deployment. | C13: Tells how long a change takes to reach users once the review process begins. | D13: Fact_Pull_Requests + Fact_CI_Deployments
A14: Cycle Time | B14: Average time from issue moved to In Progress to issue marked Done. | C14: Shows how long work stays active once development starts. | D14: Fact_Jira_Issues
A15: Bug Rate | B15: Escaped production bugs found in the month divided by issues completed in the month. | C15: Shows whether speed is hurting quality. | D15: Fact_Bug_Reports + Fact_Jira_Issues
A16: Deployment Frequency | B16: Count of successful production deployments in the month. | C16: Frequent safe releases often indicate a healthier delivery loop. | D16: Fact_CI_Deployments
A17: PR Throughput | B17: Count of merged pull requests in the month. | C17: Useful as an activity signal, but weak if used without quality and speed metrics. | D17: Fact_Pull_Requests

Sheet Assignment_Steps
A1: Step-by-Step Assignment Guide
A2: Follow these steps in order. This is designed to reduce confusion and keep your MVP manageable.
A3: Step | B3: What you should do | C3: Expected output
A5: 1. Understand the problem | B5: Read Start_Here and Developer_Productivity_Brief. Then write a short note in your own words: What problem are we solving for a developer? | C5: A 3–5 line problem summary for yourself.
A6: 2. Understand the source tables | B6: Open Data_Model_Overview, Data_Dictionary, and the Fact_* sheets. Identify which tables you need for your MVP. | C6: A list of tables and fields you will use.
A7: 3. Understand the metrics | B7: Open Metric_Examples and verify how the sample metrics were calculated. | C7: A metric plan that you can explain.
A8: 4. Choose your MVP journey | B8: Recommended path: one IC sees their metrics, gets a short interpretation, and sees next steps. Optionally add a manager page. | C8: A scoped MVP.
A9: 5. Use AI responsibly | B9: Ask AI to explain the domain, suggest architecture, and help with code or debugging. Keep only what you understand. | C9: A clearer implementation plan.
A10: 6. Build the MVP | B10: Use React.js on the front end. Add a backend/API or mock service. Load the sample data and show one reasoning layer, not just charts. | C10: A working prototype.
A11: 7. Create the Miro board | B11: Use the free Miro template called User Journey. Fill the main sections based on your chosen flow. | C11: A Miro board link.
A12: 8. Record the video | B12: Record a 5–10 minute walkthrough in clear audio and good lighting. Show the problem, your MVP, and a short demo. | C12: A Google Drive video link.

Sheet AI_Guide
A1: AI Use Guide
A2: AI is allowed and encouraged. Use it to understand the problem faster, explore options, and debug. But the final thinking must still be yours.
A3: Category | B3: Guidance
A5: AI can help with | B5: Explaining SDLC and the metrics, summarizing the workbook, proposing a React + backend architecture, suggesting UI ideas, generating boilerplate code, debugging, writing tests, and improving wording.
A6: You must do yourself | B6: Choose the MVP scope, verify the metric logic, decide the product flow, understand the code, and explain why your solution makes sense.
A7: Avoid this | B7: Do not submit a generic AI-built dashboard. Do not trust hallucinated metric logic. Do not present code that you cannot explain.
A8: What we will evaluate | B8: How well you understood the problem, the quality of your decisions, and whether you can explain your implementation clearly.
A10: Suggested prompts to ask an AI tool
A11: Prompt label | B11: Prompt
A12: Understand the problem | B12: Summarize this assignment for a fresher in plain English. Explain the problem before suggesting a solution.
A13: Understand the data | B13: Explain how these source tables connect to the 5 developer productivity metrics in the workbook.
A14: Architecture | B14: Suggest a simple React + backend architecture for this MVP. Keep the scope small and interview-friendly.
A15: MVP scoping | B15: Given 2–3 days, what is the smallest credible MVP I can build for this assignment?
A16: Demo prep | B16: Help me structure a 5–10 minute demo video for this assignment.

Sheet Submission_Checklist
A1: Submission Checklist
A2: Keep the submission simple and easy for reviewers to access.
A3: Deliverable | B3: Requirement | C3: Required?
A5: Video walkthrough | B5: 5–10 minutes. Clear audio and clear lighting. Upload to Google Drive. | C5: Yes
A6: Video access check | B6: Open the Google Drive link in incognito and confirm that reviewers can access it. | C6: Yes
A7: Miro board | B7: Use the free Miro template called User Journey. Fill the main sections. | C7: Yes
A8: Miro access check | B8: Confirm that reviewers can view your Miro board. | C8: Yes
A9: Prototype demo | B9: Show the working prototype briefly in the video. | C9: Yes
A10: Code repository or deployed link | B10: Optional but strongly recommended for technical review. | C10: Recommended
A11: AI usage note | B11: Briefly state what AI tools you used and how you used them. | C11: Recommended

Sheet Data_Model_Overview
A1: Data Model Overview
A2: Think of these sheets as source tables from different systems such as Jira, GitHub, and CI/CD.
A3: Table | B3: What it represents | C3: Useful for
A5: Dim_Developers | B5: Reference data for developer, manager, team, role level, and service type. | C5: User profile, joins, manager view.
A6: Fact_Jira_Issues | B6: Ticketing data similar to Jira work items. | C6: Cycle time, issue count, bug-rate denominator.
A7: Fact_Pull_Requests | B7: Source-control data similar to GitHub pull requests. | C7: Lead time input, review delay, PR throughput.
A8: Fact_CI_Deployments | B8: Deployment records from CI/CD. | C8: Lead time and deployment frequency.
A9: Fact_Bug_Reports | B9: Bugs found after release. | C9: Bug rate and quality signals.
A10: Metric_Examples | B10: A sample calculation sheet built from the source tables. | C10: Reference logic only.

Sheet Data_Dictionary
A1: Data Dictionary
A2: Use this when you are unsure what a field means.
A3: Table | B3: Field | C3: Meaning | D3: Common use
A5: Dim_Developers | B5: developer_id | C5: Unique developer identifier used across tables. | D5: Join key
A6: Dim_Developers | B6: manager_name | C6: Manager or team lead name. | D6: Manager summary
A7: Fact_Jira_Issues | B7: in_progress_at | C7: When active development started on the issue. | D7: Cycle time
A8: Fact_Jira_Issues | B8: done_at | C8: When the issue was completed. | D8: Cycle time, completed issue count
A9: Fact_Jira_Issues | B9: cycle_time_days | C9: Helper column = done_at - in_progress_at. | D9: Cycle time
A10: Fact_Pull_Requests | B10: opened_at | C10: When the pull request was opened. | D10: Lead time
A11: Fact_Pull_Requests | B11: first_review_at | C11: When first review feedback arrived. | D11: Review delay
A12: Fact_Pull_Requests | B12: merged_at | C12: When the PR merged. | D12: Lead time, PR throughput
A13: Fact_Pull_Requests | B13: review_wait_hours | C13: Helper column = first_review_at - opened_at. | D13: Reasoning layer
A14: Fact_CI_Deployments | B14: completed_at | C14: When the production deployment completed. | D14: Lead time, deployment frequency
A15: Fact_CI_Deployments | B15: lead_time_days | C15: Helper column = deployment completed_at - PR opened_at. | D15: Lead time
... A17: Fact_Bug_Reports | B17: month_found | C17: Month when the bug was found. | D17: Monthly grouping

Sheet Dim_Developers
A1: developer_id | B1: developer_name | C1: manager_id | D1: manager_name | E1: team_name | F1: service_type | G1: level
A2: DEV-001 | B2: Ava Chen | C2: MGR-01 | D2: Rina Kapoor | E2: Payments API | F2: backend | G2: SDE2
A3: DEV-002 | B3: Noah Patel | C3: MGR-01 | D3: Rina Kapoor | E3: Payments API | F3: backend | G3: SDE1
A4: DEV-006 | B4: Ishan Mehta | C4: MGR-01 | D4: Rina Kapoor | E4: Payments API | F4: backend | G4: SDE3
A5: DEV-003 | B5: Mia Lopez | C5: MGR-02 | D5: Samir Gupta | E5: Checkout Web | F5: frontend | G5: SDE1
A6: DEV-004 | B6: Lucas Reed | C6: MGR-02 | D6: Samir Gupta | E6: Checkout Web | F6: frontend | G6: SDE2
A7: DEV-008 | B7: Zara Khan | C7: MGR-02 | D7: Samir Gupta | E7: Checkout Web | F7: frontend | G7: SDE1
A8: DEV-005 | B8: Emma Roy | C8: MGR-03 | D8: Priya Nair | E8: Mobile Growth | F8: mobile | G8: SDE1
A9: DEV-007 | B9: Owen Brooks | C9: MGR-03 | D9: Priya Nair | E9: Mobile Growth | F9: mobile | G9: SDE2

Sheet Fact_Jira_Issues
A1: issue_id | B1: developer_id | C1: developer_name | D1: manager_id | E1: team_name | F1: service_type | G1: issue_type | H1: story_points | I1: created_at | J1: in_progress_at | K1: code_complete_at | L1: done_at | M1: status | N1: month_done | O1: cycle_time_days
A2: JIRA-001 | B2: DEV-001 | C2: Ava Chen | D2: MGR-01 | E2: Payments API | F2: backend | G2: Story | H2: 2 | I2: 46102 | J2: 46102 | K2: 46106.2 | L2: 46106.2 | M2: Done | N2: 2026-03 | O2: 4.2
A3: JIRA-002 | B3: DEV-001 | C3: Ava Chen | D3: MGR-01 | E3: Payments API | F3: backend | G3: Story | H3: 5 | I3: 46085 | J3: 46085 | K3: 46087.7 | L3: 46088.7 | M3: Done | N3: 2026-03 | O3: 3.7
A4: JIRA-003 | B4: DEV-001 | C4: Ava Chen | D4: MGR-01 | E4: Payments API | F4: backend | G4: Task | H4: 2 | I4: 46123 | J4: 46123 | K4: 46125.9 | L4: 46126.9 | M4: Done | N4: 2026-04 | O4: 3.9
A5: JIRA-004 | B5: DEV-001 | C5: Ava Chen | D5: MGR-01 | E5: Payments API | F5: backend | G5: Story | H5: 3 | I5: 46127 | J5: 46127 | K5: 46130.9 | L5: 46130.9 | M5: Done | N5: 2026-04 | O5: 3.9
A6: JIRA-005 | B6: DEV-002 | C6: Noah Patel | D6: MGR-01 | E6: Payments API | F6: backend | G6: Task | H6: 3 | I6: 46087 | J6: 46088 | K6: 46092.7 | L6: 46092.7 | M6: Done | N6: 2026-03 | O6: 4.7
A7: JIRA-006 | B7: DEV-002 | C7: Noah Patel | D7: MGR-01 | E7: Payments API | F7: backend | G7: Improvement | H7: 5 | I7: 46095 | J7: 46095 | K7: 46102.1 | L7: 46102.1 | M7: Done | N7: 2026-03 | O7: 7.1
A8: JIRA-007 | B8: DEV-002 | C8: Noah Patel | D8: MGR-01 | E8: Payments API | F8: backend | G8: Task | H8: 8 | I8: 46121 | J8: 46121 | K8: 46125.4 | L8: 46126.4 | M8: Done | N8: 2026-04 | O8: 5.4
A9: JIRA-008 | B9: DEV-002 | C9: Noah Patel | D9: MGR-01 | E9: Payments API | F9: backend | G9: Story | H9: 2 | I9: 46128 | J9: 46129 | K9: 46133.4 | L9: 46134.4 | M9: Done | N9: 2026-04 | O9: 5.4
A10: JIRA-009 | B10: DEV-006 | C10: Ishan Mehta | D10: MGR-01 | E10: Payments API | F10: backend | G10: Improvement | H10: 3 | I10: 46096 | J10: 46096 | K10: 46099.7 | L10: 46100.7 | M10: Done | N10: 2026-03 | O10: 4.7
A11: JIRA-010 | B11: DEV-006 | C11: Ishan Mehta | D11: MGR-01 | E11: Payments API | F11: backend | G11: Story | H11: 2 | I11: 46101 | J11: 46101 | K11: 46102.8 | L11: 46103.8 | M11: Done | N11: 2026-03 | O11: 2.8
A12: JIRA-011 | B12: DEV-006 | C12: Ishan Mehta | D12: MGR-01 | E12: Payments API | F12: backend | G12: Story | H12: 8 | I12: 46115 | J12: 46116 | K12: 46120 | L12: 46120 | M12: Done | N12: 2026-04 | O12: 4
A13: JIRA-012 | B13: DEV-006 | C13: Ishan Mehta | D13: MGR-01 | E13: Payments API | F13: backend | G13: Story | H13: 8 | I13: 46125 | J13: 46126 | K13: 46128.4 | L13: 46129.4 | M13: Done | N13: 2026-04 | O13: 3.4
... A33: JIRA-032 | B33: DEV-007 | C33: Owen Brooks | D33: MGR-03 | E33: Mobile Growth | F33: mobile | G33: Task | H33: 8 | I33: 46130 | J33: 46131 | K33: 46135.1 | L33: 46136.1 | M33: Done | N33: 2026-04 | O33: 5.1

Sheet Fact_Pull_Requests
A1: pr_id | B1: issue_id | C1: developer_id | D1: developer_name | E1: manager_id | F1: team_name | G1: opened_at | H1: first_review_at | I1: approved_at | J1: merged_at | K1: status | L1: month_merged | M1: review_wait_hours | N1: merge_time_hours | O1: lines_changed | P1: review_rounds
A2: PR-001 | B2: JIRA-001 | C2: DEV-001 | D2: Ava Chen | E2: MGR-01 | F2: Payments API | G2: 46105.908 | H2: 46106.346 | I2: 46106.929 | J2: 46107.346 | K2: merged | L2: 2026-03 | M2: 10.5 | N2: 34.5 | O2: 209 | P2: 3
A3: PR-002 | B3: JIRA-002 | C3: DEV-001 | D3: Ava Chen | E3: MGR-01 | F3: Payments API | G3: 46087.367 | H3: 46087.975 | I3: 46088.183 | J3: 46088.517 | K3: merged | L3: 2026-03 | M3: 14.6 | N3: 27.6 | O3: 468 | P3: 2
A4: PR-003 | B4: JIRA-003 | C4: DEV-001 | D4: Ava Chen | E4: MGR-01 | F4: Payments API | G4: 46125.608 | H4: 46126.067 | I4: 46126.483 | J4: 46126.9 | K4: merged | L4: 2026-04 | M4: 11 | N4: 31 | O4: 247 | P4: 2
A5: PR-004 | B5: JIRA-004 | C5: DEV-001 | D5: Ava Chen | E5: MGR-01 | F5: Payments API | G5: 46130.567 | H5: 46130.967 | I5: 46131.217 | J5: 46131.342 | K5: merged | L5: 2026-04 | M5: 9.6 | N5: 18.6 | O5: 509 | P5: 2
A6: PR-005 | B6: JIRA-005 | C6: DEV-002 | D6: Noah Patel | E6: MGR-01 | F6: Payments API | G6: 46092.45 | H6: 46093.562 | I6: 46094.146 | J6: 46094.354 | K6: merged | L6: 2026-03 | M6: 26.7 | N6: 45.7 | O6: 287 | P6: 2
A7: PR-006 | B7: JIRA-006 | C7: DEV-002 | D7: Noah Patel | E7: MGR-01 | F7: Payments API | G7: 46101.892 | H7: 46102.796 | I7: 46103.296 | J7: 46103.588 | K7: merged | L7: 2026-03 | M7: 21.7 | N7: 40.7 | O7: 337 | P7: 2
A8: PR-007 | B8: JIRA-007 | C8: DEV-002 | D8: Noah Patel | E8: MGR-01 | F8: Payments API | G8: 46125.15 | H8: 46126.279 | I8: 46126.654 | J8: 46126.946 | K8: merged | L8: 2026-04 | M8: 27.1 | N8: 43.1 | O8: 344 | P8: 1
A9: PR-008 | B9: JIRA-008 | C9: DEV-002 | D9: Noah Patel | E9: MGR-01 | F9: Payments API | G9: 46133.108 | H9: 46133.979 | I9: 46134.438 | J9: 46134.688 | K9: merged | L9: 2026-04 | M9: 20.9 | N9: 37.9 | O9: 776 | P9: 2
A10: PR-009 | B10: JIRA-009 | C10: DEV-006 | D10: Ishan Mehta | E10: MGR-01 | F10: Payments API | G10: 46099.45 | H10: 46099.688 | I10: 46099.854 | J10: 46100.354 | K10: merged | L10: 2026-03 | M10: 5.7 | N10: 21.7 | O10: 425 | P10: 3
A11: PR-010 | B11: JIRA-010 | C11: DEV-006 | D11: Ishan Mehta | E11: MGR-01 | F11: Payments API | G11: 46102.633 | H11: 46103.196 | I11: 46103.488 | J11: 46103.696 | K11: merged | L11: 2026-03 | M11: 13.5 | N11: 25.5 | O11: 179 | P11: 1
A12: PR-011 | B12: JIRA-011 | C12: DEV-006 | D12: Ishan Mehta | E12: MGR-01 | F12: Payments API | G12: 46119.75 | H12: 46119.917 | I12: 46120.125 | J12: 46120.375 | K12: merged | L12: 2026-04 | M12: 4 | N12: 15 | O12: 660 | P12: 3
A13: PR-012 | B13: JIRA-012 | C13: DEV-006 | D13: Ishan Mehta | E13: MGR-01 | F13: Payments API | G13: 46128.317 | H13: 46128.65 | I13: 46128.775 | J13: 46129.233 | K13: merged | L13: 2026-04 | M13: 8 | N13: 22 | O13: 687 | P13: 1
... A33: PR-032 | B33: JIRA-032 | C33: DEV-007 | D33: Owen Brooks | E33: MGR-03 | F33: Mobile Growth | G33: 46134.767 | H33: 46135.458 | I33: 46135.667 | J33: 46136.042 | K33: merged | L33: 2026-04 | M33: 16.6 | N33: 30.6 | O33: 580 | P33: 2

Sheet Fact_CI_Deployments
A1: deployment_id | B1: pr_id | C1: issue_id | D1: developer_id | E1: developer_name | F1: manager_id | G1: team_name | H1: environment | I1: started_at | J1: completed_at | K1: status | L1: month_deployed | M1: lead_time_days | N1: release_type
A2: DEP-001 | B2: PR-001 | C2: JIRA-001 | D2: DEV-001 | E2: Ava Chen | F2: MGR-01 | G2: Payments API | H2: prod | I2: 46107.637 | J2: 46108.838 | K2: success | L2: 2026-03 | M2: 2.9 | N2: standard
A3: DEP-002 | B3: PR-002 | C3: JIRA-002 | D3: DEV-001 | E3: Ava Chen | F3: MGR-01 | G3: Payments API | H3: prod | I3: 46088.767 | J3: 46089.267 | K3: success | L3: 2026-03 | M3: 1.9 | N3: standard
A4: DEP-003 | B4: PR-003 | C4: JIRA-003 | D4: DEV-001 | E4: Ava Chen | F4: MGR-01 | G4: Payments API | H4: prod | I4: 46127.483 | J4: 46129.383 | K4: success | L4: 2026-04 | M4: 3.8 | N4: hotfix
A5: DEP-004 | B5: PR-004 | C5: JIRA-004 | D5: DEV-001 | E5: Ava Chen | F5: MGR-01 | G5: Payments API | H5: prod | I5: 46131.8 | J5: 46133.5 | K5: success | L5: 2026-04 | M5: 2.9 | N5: hotfix
A6: DEP-005 | B6: PR-005 | C6: JIRA-005 | D6: DEV-002 | E6: Noah Patel | F6: MGR-01 | G6: Payments API | H6: prod | I6: 46094.938 | J6: 46095.938 | K6: success | L6: 2026-03 | M6: 3.5 | N6: hotfix
A7: DEP-006 | B7: PR-006 | C7: JIRA-006 | D7: DEV-002 | E7: Noah Patel | F7: MGR-01 | G7: Payments API | H7: prod | I7: 46104.004 | J7: 46107.004 | K7: success | L7: 2026-03 | M7: 5.1 | N7: hotfix
A8: DEP-007 | B8: PR-007 | C8: JIRA-007 | D8: DEV-002 | E8: Noah Patel | F8: MGR-01 | G8: Payments API | H8: prod | I8: 46127.113 | J8: 46129.312 | K8: success | L8: 2026-04 | M8: 4.2 | N8: standard
A9: DEP-008 | B9: PR-008 | C9: JIRA-008 | D9: DEV-002 | E9: Noah Patel | F9: MGR-01 | G9: Payments API | H9: prod | I9: 46134.896 | J9: 46136.396 | K9: success | L9: 2026-04 | M9: 3.3 | N9: standard
A10: DEP-009 | B10: PR-009 | C10: JIRA-009 | D10: DEV-006 | E10: Ishan Mehta | F10: MGR-01 | G10: Payments API | H10: prod | I10: 46101.021 | J10: 46101.821 | K10: success | L10: 2026-03 | M10: 2.4 | N10: standard
A11: DEP-010 | B11: PR-010 | C11: JIRA-010 | D11: DEV-006 | E11: Ishan Mehta | F11: MGR-01 | G11: Payments API | H11: prod | I11: 46104.446 | J11: 46104.946 | K11: success | L11: 2026-03 | M11: 2.3 | N11: hotfix
A12: DEP-011 | B12: PR-011 | C12: JIRA-011 | D12: DEV-006 | E12: Ishan Mehta | F12: MGR-01 | G12: Payments API | H12: prod | I12: 46120.875 | J12: 46121.575 | K12: success | L12: 2026-04 | M12: 1.8 | N12: hotfix
A13: DEP-012 | B13: PR-012 | C13: JIRA-012 | D13: DEV-006 | E13: Ishan Mehta | F13: MGR-01 | G13: Payments API | H13: prod | I13: 46129.775 | J13: 46131.175 | K13: success | L13: 2026-04 | M13: 2.9 | N13: standard
... A33: DEP-032 | B33: PR-032 | C33: JIRA-032 | D33: DEV-007 | E33: Owen Brooks | F33: MGR-03 | G33: Mobile Growth | H33: prod | I33: 46136.708 | J33: 46138.708 | K33: success | L33: 2026-04 | M33: 3.9 | N33: standard

Sheet Fact_Bug_Reports
A1: bug_id | B1: linked_issue_id | C1: developer_id | D1: developer_name | E1: manager_id | F1: team_name | G1: found_at | H1: severity | I1: escaped_to_prod | J1: status | K1: month_found | L1: root_cause_bucket
A2: BUG-001 | B2: JIRA-007 | C2: DEV-002 | D2: Noah Patel | E2: MGR-01 | F2: Payments API | G2: 46133.312 | H2: medium | I2: Yes | J2: Open | K2: 2026-04 | L2: test gap
A3: BUG-002 | B3: JIRA-012 | C3: DEV-006 | D3: Ishan Mehta | E3: MGR-01 | F3: Payments API | G3: 46133.175 | H3: low | I3: Yes | J3: Open | K3: 2026-04 | L3: release config
A4: BUG-003 | B4: JIRA-024 | C4: DEV-008 | D4: Zara Khan | E4: MGR-02 | F4: Checkout Web | G4: 46130.537 | H4: high | I4: Yes | J4: Open | K4: 2026-04 | L4: edge case
A5: BUG-004 | B5: JIRA-013 | C5: DEV-003 | D5: Mia Lopez | E5: MGR-02 | F5: Checkout Web | G5: 46096.221 | H5: medium | I5: Yes | J5: Closed | K5: 2026-03 | L5: edge case
A6: BUG-005 | B6: JIRA-025 | C6: DEV-005 | D6: Emma Roy | E6: MGR-03 | F6: Mobile Growth | G6: 46110.504 | H6: medium | I6: Yes | J6: Closed | K6: 2026-03 | L6: test gap
A7: BUG-006 | B7: JIRA-029 | C7: DEV-007 | D7: Owen Brooks | E7: MGR-03 | F7: Mobile Growth | G7: 46094.471 | H7: high | I7: Yes | J7: Closed | K7: 2026-03 | L7: edge case

Sheet Metric_Examples
A1: developer_id | B1: month | C1: developer_name | D1: manager_id | E1: team_name | F1: issues_done | G1: merged_prs | H1: prod_deployments | I1: escaped_bugs | J1: avg_cycle_time_days | K1: avg_lead_time_days | L1: bug_rate_pct | M1: pattern_hint | N1: dev_month_key
A2: DEV-001 | B2: 2026-03 | C2: =INDEX(Dim_Developers!$B:$B,MATCH($A2,Dim_Developers!$A:$A,0)) -> Ava Chen | D2: =INDEX(Dim_Developers!$C:$C,MATCH($A2,Dim_Developers!$A:$A,0)) -> MGR-01 | E2: =INDEX(Dim_Developers!$E:$E,MATCH($A2,Dim_Developers!$A:$A,0)) -> Payments API | F2: =COUNTIFS(Fact_Jira_Issues!$B:$B,$A2,Fact_Jira_Issues!$N:$N,$B2,Fact_Jira_Issues!$M:$M,"Done") -> 2 | G2: =COUNTIFS(Fact_Pull_Requests!$C:$C,$A2,Fact_Pull_Requests!$L:$L,$B2,Fact_Pull_Requests!$K:$K,"merged") -> 2 | H2: =COUNTIFS(Fact_CI_Deployments!$D:$D,$A2,Fact_CI_Deployments!$L:$L,$B2,Fact_CI_Deployments!$H:$H,"prod",Fact_CI_Deployments!$K:$K,"success") -> 2 | I2: =COUNTIFS(Fact_Bug_Reports!$C:$C,$A2,Fact_Bug_Reports!$K:$K,$B2,Fact_Bug_Reports!$I:$I,"Yes") -> 0 | J2: =IF(F2=0,0,SUMIFS(Fact_Jira_Issues!$O:$O,Fact_Jira_Issues!$B:$B,$A2,Fact_Jira_Issues!$N:$N,$B2,Fact_Jira_Issues!$M:$M,"Done")/F2) -> 3.95 | K2: =IF(H2=0,0,SUMIFS(Fact_CI_Deployments!$M:$M,Fact_CI_Deployments!$D:$D,$A2,Fact_CI_Deployments!$L:$L,$B2,Fact_CI_Deployments!$H:$H,"prod",Fact_CI_Deployments!$K:$K,"success")/H2) -> 2.4 | L2: =IF(F2=0,0,I2/F2) -> 0 | M2: =IF(AND(K2>6,L2>0.15),"Slow + quality risk",IF(AND(K2>6,H2<2),"Slow release loop",IF(AND(L2>0.12,H2>=2),"Quality watch",IF(AND(K2<4.5,L2<0.1),"Healthy flow","Needs review")))) -> Healthy flow | N2: =A2&"|"&B2 -> DEV-001|2026-03
A3: DEV-001 | B3: 2026-04 | C3: =INDEX(Dim_Developers!$B:$B,MATCH($A3,Dim_Developers!$A:$A,0)) -> Ava Chen | D3: =INDEX(Dim_Developers!$C:$C,MATCH($A3,Dim_Developers!$A:$A,0)) -> MGR-01 | E3: =INDEX(Dim_Developers!$E:$E,MATCH($A3,Dim_Developers!$A:$A,0)) -> Payments API | F3: =COUNTIFS(Fact_Jira_Issues!$B:$B,$A3,Fact_Jira_Issues!$N:$N,$B3,Fact_Jira_Issues!$M:$M,"Done") -> 2 | G3: =COUNTIFS(Fact_Pull_Requests!$C:$C,$A3,Fact_Pull_Requests!$L:$L,$B3,Fact_Pull_Requests!$K:$K,"merged") -> 2 | H3: =COUNTIFS(Fact_CI_Deployments!$D:$D,$A3,Fact_CI_Deployments!$L:$L,$B3,Fact_CI_Deployments!$H:$H,"prod",Fact_CI_Deployments!$K:$K,"success") -> 2 | I3: =COUNTIFS(Fact_Bug_Reports!$C:$C,$A3,Fact_Bug_Reports!$K:$K,$B3,Fact_Bug_Reports!$I:$I,"Yes") -> 0 | J3: =IF(F3=0,0,SUMIFS(Fact_Jira_Issues!$O:$O,Fact_Jira_Issues!$B:$B,$A3,Fact_Jira_Issues!$N:$N,$B3,Fact_Jira_Issues!$M:$M,"Done")/F3) -> 3.9 | K3: =IF(H3=0,0,SUMIFS(Fact_CI_Deployments!$M:$M,Fact_CI_Deployments!$D:$D,$A3,Fact_CI_Deployments!$L:$L,$B3,Fact_CI_Deployments!$H:$H,"prod",Fact_CI_Deployments!$K:$K,"success")/H3) -> 3.35 | L3: =IF(F3=0,0,I3/F3) -> 0 | M3: =IF(AND(K3>6,L3>0.15),"Slow + quality risk",IF(AND(K3>6,H3<2),"Slow release loop",IF(AND(L3>0.12,H3>=2),"Quality watch",IF(AND(K3<4.5,L3<0.1),"Healthy flow","Needs review")))) -> Healthy flow | N3: =A3&"|"&B3 -> DEV-001|2026-04
A4: DEV-002 | B4: 2026-03 | C4: =INDEX(Dim_Developers!$B:$B,MATCH($A4,Dim_Developers!$A:$A,0)) -> Noah Patel | D4: =INDEX(Dim_Developers!$C:$C,MATCH($A4,Dim_Developers!$A:$A,0)) -> MGR-01 | E4: =INDEX(Dim_Developers!$E:$E,MATCH($A4,Dim_Developers!$A:$A,0)) -> Payments API | F4: =COUNTIFS(Fact_Jira_Issues!$B:$B,$A4,Fact_Jira_Issues!$N:$N,$B4,Fact_Jira_Issues!$M:$M,"Done") -> 2 | G4: =COUNTIFS(Fact_Pull_Requests!$C:$C,$A4,Fact_Pull_Requests!$L:$L,$B4,Fact_Pull_Requests!$K:$K,"merged") -> 2 | H4: =COUNTIFS(Fact_CI_Deployments!$D:$D,$A4,Fact_CI_Deployments!$L:$L,$B4,Fact_CI_Deployments!$H:$H,"prod",Fact_CI_Deployments!$K:$K,"success") -> 2 | I4: =COUNTIFS(Fact_Bug_Reports!$C:$C,$A4,Fact_Bug_Reports!$K:$K,$B4,Fact_Bug_Reports!$I:$I,"Yes") -> 0 | J4: =IF(F4=0,0,SUMIFS(Fact_Jira_Issues!$O:$O,Fact_Jira_Issues!$B:$B,$A4,Fact_Jira_Issues!$N:$N,$B4,Fact_Jira_Issues!$M:$M,"Done")/F4) -> 5.9 | K4: =IF(H4=0,0,SUMIFS(Fact_CI_Deployments!$M:$M,Fact_CI_Deployments!$D:$D,$A4,Fact_CI_Deployments!$L:$L,$B4,Fact_CI_Deployments!$H:$H,"prod",Fact_CI_Deployments!$K:$K,"success")/H4) -> 4.3 | L4: =IF(F4=0,0,I4/F4) -> 0 | M4: =IF(AND(K4>6,L4>0.15),"Slow + quality risk",IF(AND(K4>6,H4<2),"Slow release loop",IF(AND(L4>0.12,H4>=2),"Quality watch",IF(AND(K4<4.5,L4<0.1),"Healthy flow","Needs review")))) -> Healthy flow | N4: =A4&"|"&B4 -> DEV-002|2026-03
A5: DEV-002 | B5: 2026-04 | C5: =INDEX(Dim_Developers!$B:$B,MATCH($A5,Dim_Developers!$A:$A,0)) -> Noah Patel | D5: =INDEX(Dim_Developers!$C:$C,MATCH($A5,Dim_Developers!$A:$A,0)) -> MGR-01 | E5: =INDEX(Dim_Developers!$E:$E,MATCH($A5,Dim_Developers!$A:$A,0)) -> Payments API | F5: =COUNTIFS(Fact_Jira_Issues!$B:$B,$A5,Fact_Jira_Issues!$N:$N,$B5,Fact_Jira_Issues!$M:$M,"Done") -> 2 | G5: =COUNTIFS(Fact_Pull_Requests!$C:$C,$A5,Fact_Pull_Requests!$L:$L,$B5,Fact_Pull_Requests!$K:$K,"merged") -> 2 | H5: =COUNTIFS(Fact_CI_Deployments!$D:$D,$A5,Fact_CI_Deployments!$L:$L,$B5,Fact_CI_Deployments!$H:$H,"prod",Fact_CI_Deployments!$K:$K,"success") -> 2 | I5: =COUNTIFS(Fact_Bug_Reports!$C:$C,$A5,Fact_Bug_Reports!$K:$K,$B5,Fact_Bug_Reports!$I:$I,"Yes") -> 1 | J5: =IF(F5=0,0,SUMIFS(Fact_Jira_Issues!$O:$O,Fact_Jira_Issues!$B:$B,$A5,Fact_Jira_Issues!$N:$N,$B5,Fact_Jira_Issues!$M:$M,"Done")/F5) -> 5.4 | K5: =IF(H5=0,0,SUMIFS(Fact_CI_Deployments!$M:$M,Fact_CI_Deployments!$D:$D,$A5,Fact_CI_Deployments!$L:$L,$B5,Fact_CI_Deployments!$H:$H,"prod",Fact_CI_Deployments!$K:$K,"success")/H5) -> 3.75 | L5: =IF(F5=0,0,I5/F5) -> 0.5 | M5: =IF(AND(K5>6,L5>0.15),"Slow + quality risk",IF(AND(K5>6,H5<2),"Slow release loop",IF(AND(L5>0.12,H5>=2),"Quality watch",IF(AND(K5<4.5,L5<0.1),"Healthy flow","Needs review")))) -> Quality watch | N5: =A5&"|"&B5 -> DEV-002|2026-04
A6: DEV-006 | B6: 2026-03 | C6: =INDEX(Dim_Developers!$B:$B,MATCH($A6,Dim_Developers!$A:$A,0)) -> Ishan Mehta | D6: =INDEX(Dim_Developers!$C:$C,MATCH($A6,Dim_Developers!$A:$A,0)) -> MGR-01 | E6: =INDEX(Dim_Developers!$E:$E,MATCH($A6,Dim_Developers!$A:$A,0)) -> Payments API | F6: =COUNTIFS(Fact_Jira_Issues!$B:$B,$A6,Fact_Jira_Issues!$N:$N,$B6,Fact_Jira_Issues!$M:$M,"Done") -> 2 | G6: =COUNTIFS(Fact_Pull_Requests!$C:$C,$A6,Fact_Pull_Requests!$L:$L,$B6,Fact_Pull_Requests!$K:$K,"merged") -> 2 | H6: =COUNTIFS(Fact_CI_Deployments!$D:$D,$A6,Fact_CI_Deployments!$L:$L,$B6,Fact_CI_Deployments!$H:$H,"prod",Fact_CI_Deployments!$K:$K,"success") -> 2 | I6: =COUNTIFS(Fact_Bug_Reports!$C:$C,$A6,Fact_Bug_Reports!$K:$K,$B6,Fact_Bug_Reports!$I:$I,"Yes") -> 0 | J6: =IF(F6=0,0,SUMIFS(Fact_Jira_Issues!$O:$O,Fact_Jira_Issues!$B:$B,$A6,Fact_Jira_Issues!$N:$N,$B6,Fact_Jira_Issues!$M:$M,"Done")/F6) -> 3.75 | K6: =IF(H6=0,0,SUMIFS(Fact_CI_Deployments!$M:$M,Fact_CI_Deployments!$D:$D,$A6,Fact_CI_Deployments!$L:$L,$B6,Fact_CI_Deployments!$H:$H,"prod",Fact_CI_Deployments!$K:$K,"success")/H6) -> 2.35 | L6: =IF(F6=0,0,I6/F6) -> 0 | M6: =IF(AND(K6>6,L6>0.15),"Slow + quality risk",IF(AND(K6>6,H6<2),"Slow release loop",IF(AND(L6>0.12,H6>=2),"Quality watch",IF(AND(K6<4.5,L6<0.1),"Healthy flow","Needs review")))) -> Healthy flow | N6: =A6&"|"&B6 -> DEV-006|2026-03
A7: DEV-006 | B7: 2026-04 | C7: =INDEX(Dim_Developers!$B:$B,MATCH($A7,Dim_Developers!$A:$A,0)) -> Ishan Mehta | D7: =INDEX(Dim_Developers!$C:$C,MATCH($A7,Dim_Developers!$A:$A,0)) -> MGR-01 | E7: =INDEX(Dim_Developers!$E:$E,MATCH($A7,Dim_Developers!$A:$A,0)) -> Payments API | F7: =COUNTIFS(Fact_Jira_Issues!$B:$B,$A7,Fact_Jira_Issues!$N:$N,$B7,Fact_Jira_Issues!$M:$M,"Done") -> 2 | G7: =COUNTIFS(Fact_Pull_Requests!$C:$C,$A7,Fact_Pull_Requests!$L:$L,$B7,Fact_Pull_Requests!$K:$K,"merged") -> 2 | H7: =COUNTIFS(Fact_CI_Deployments!$D:$D,$A7,Fact_CI_Deployments!$L:$L,$B7,Fact_CI_Deployments!$H:$H,"prod",Fact_CI_Deployments!$K:$K,"success") -> 2 | I7: =COUNTIFS(Fact_Bug_Reports!$C:$C,$A7,Fact_Bug_Reports!$K:$K,$B7,Fact_Bug_Reports!$I:$I,"Yes") -> 1 | J7: =IF(F7=0,0,SUMIFS(Fact_Jira_Issues!$O:$O,Fact_Jira_Issues!$B:$B,$A7,Fact_Jira_Issues!$N:$N,$B7,Fact_Jira_Issues!$M:$M,"Done")/F7) -> 3.7 | K7: =IF(H7=0,0,SUMIFS(Fact_CI_Deployments!$M:$M,Fact_CI_Deployments!$D:$D,$A7,Fact_CI_Deployments!$L:$L,$B7,Fact_CI_Deployments!$H:$H,"prod",Fact_CI_Deployments!$K:$K,"success")/H7) -> 2.35 | L7: =IF(F7=0,0,I7/F7) -> 0.5 | M7: =IF(AND(K7>6,L7>0.15),"Slow + quality risk",IF(AND(K7>6,H7<2),"Slow release loop",IF(AND(L7>0.12,H7>=2),"Quality watch",IF(AND(K7<4.5,L7<0.1),"Healthy flow","Needs review")))) -> Quality watch | N7: =A7&"|"&B7 -> DEV-006|2026-04
A8: DEV-003 | B8: 2026-03 | C8: =INDEX(Dim_Developers!$B:$B,MATCH($A8,Dim_Developers!$A:$A,0)) -> Mia Lopez | D8: =INDEX(Dim_Developers!$C:$C,MATCH($A8,Dim_Developers!$A:$A,0)) -> MGR-02 | E8: =INDEX(Dim_Developers!$E:$E,MATCH($A8,Dim_Developers!$A:$A,0)) -> Checkout Web | F8: =COUNTIFS(Fact_Jira_Issues!$B:$B,$A8,Fact_Jira_Issues!$N:$N,$B8,Fact_Jira_Issues!$M:$M,"Done") -> 2 | G8: =COUNTIFS(Fact_Pull_Requests!$C:$C,$A8,Fact_Pull_Requests!$L:$L,$B8,Fact_Pull_Requests!$K:$K,"merged") -> 2 | H8: =COUNTIFS(Fact_CI_Deployments!$D:$D,$A8,Fact_CI_Deployments!$L:$L,$B8,Fact_CI_Deployments!$H:$H,"prod",Fact_CI_Deployments!$K:$K,"success") -> 2 | I8: =COUNTIFS(Fact_Bug_Reports!$C:$C,$A8,Fact_Bug_Reports!$K:$K,$B8,Fact_Bug_Reports!$I:$I,"Yes") -> 1 | J8: =IF(F8=0,0,SUMIFS(Fact_Jira_Issues!$O:$O,Fact_Jira_Issues!$B:$B,$A8,Fact_Jira_Issues!$N:$N,$B8,Fact_Jira_Issues!$M:$M,"Done")/F8) -> 4.05 | K8: =IF(H8=0,0,SUMIFS(Fact_CI_Deployments!$M:$M,Fact_CI_Deployments!$D:$D,$A8,Fact_CI_Deployments!$L:$L,$B8,Fact_CI_Deployments!$H:$H,"prod",Fact_CI_Deployments!$K:$K,"success")/H8) -> 3.85 | L8: =IF(F8=0,0,I8/F8) -> 0.5 | M8: =IF(AND(K8>6,L8>0.15),"Slow + quality risk",IF(AND(K8>6,H8<2),"Slow release loop",IF(AND(L8>0.12,H8>=2),"Quality watch",IF(AND(K8<4.5,L8<0.1),"Healthy flow","Needs review")))) -> Quality watch | N8: =A8&"|"&B8 -> DEV-003|2026-03
A9: DEV-003 | B9: 2026-04 | C9: =INDEX(Dim_Developers!$B:$B,MATCH($A9,Dim_Developers!$A:$A,0)) -> Mia Lopez | D9: =INDEX(Dim_Developers!$C:$C,MATCH($A9,Dim_Developers!$A:$A,0)) -> MGR-02 | E9: =INDEX(Dim_Developers!$E:$E,MATCH($A9,Dim_Developers!$A:$A,0)) -> Checkout Web | F9: =COUNTIFS(Fact_Jira_Issues!$B:$B,$A9,Fact_Jira_Issues!$N:$N,$B9,Fact_Jira_Issues!$M:$M,"Done") -> 2 | G9: =COUNTIFS(Fact_Pull_Requests!$C:$C,$A9,Fact_Pull_Requests!$L:$L,$B9,Fact_Pull_Requests!$K:$K,"merged") -> 2 | H9: =COUNTIFS(Fact_CI_Deployments!$D:$D,$A9,Fact_CI_Deployments!$L:$L,$B9,Fact_CI_Deployments!$H:$H,"prod",Fact_CI_Deployments!$K:$K,"success") -> 2 | I9: =COUNTIFS(Fact_Bug_Reports!$C:$C,$A9,Fact_Bug_Reports!$K:$K,$B9,Fact_Bug_Reports!$I:$I,"Yes") -> 0 | J9: =IF(F9=0,0,SUMIFS(Fact_Jira_Issues!$O:$O,Fact_Jira_Issues!$B:$B,$A9,Fact_Jira_Issues!$N:$N,$B9,Fact_Jira_Issues!$M:$M,"Done")/F9) -> 3.05 | K9: =IF(H9=0,0,SUMIFS(Fact_CI_Deployments!$M:$M,Fact_CI_Deployments!$D:$D,$A9,Fact_CI_Deployments!$L:$L,$B9,Fact_CI_Deployments!$H:$H,"prod",Fact_CI_Deployments!$K:$K,"success")/H9) -> 3.55 | L9: =IF(F9=0,0,I9/F9) -> 0 | M9: =IF(AND(K9>6,L9>0.15),"Slow + quality risk",IF(AND(K9>6,H9<2),"Slow release loop",IF(AND(L9>0.12,H9>=2),"Quality watch",IF(AND(K9<4.5,L9<0.1),"Healthy flow","Needs review")))) -> Healthy flow | N9: =A9&"|"&B9 -> DEV-003|2026-04
A10: DEV-004 | B10: 2026-03 | C10: =INDEX(Dim_Developers!$B:$B,MATCH($A10,Dim_Developers!$A:$A,0)) -> Lucas Reed | D10: =INDEX(Dim_Developers!$C:$C,MATCH($A10,Dim_Developers!$A:$A,0)) -> MGR-02 | E10: =INDEX(Dim_Developers!$E:$E,MATCH($A10,Dim_Developers!$A:$A,0)) -> Checkout Web | F10: =COUNTIFS(Fact_Jira_Issues!$B:$B,$A10,Fact_Jira_Issues!$N:$N,$B10,Fact_Jira_Issues!$M:$M,"Done") -> 2 | G10: =COUNTIFS(Fact_Pull_Requests!$C:$C,$A10,Fact_Pull_Requests!$L:$L,$B10,Fact_Pull_Requests!$K:$K,"merged") -> 2 | H10: =COUNTIFS(Fact_CI_Deployments!$D:$D,$A10,Fact_CI_Deployments!$L:$L,$B10,Fact_CI_Deployments!$H:$H,"prod",Fact_CI_Deployments!$K:$K,"success") -> 2 | I10: =COUNTIFS(Fact_Bug_Reports!$C:$C,$A10,Fact_Bug_Reports!$K:$K,$B10,Fact_Bug_Reports!$I:$I,"Yes") -> 0 | J10: =IF(F10=0,0,SUMIFS(Fact_Jira_Issues!$O:$O,Fact_Jira_Issues!$B:$B,$A10,Fact_Jira_Issues!$N:$N,$B10,Fact_Jira_Issues!$M:$M,"Done")/F10) -> 3.85 | K10: =IF(H10=0,0,SUMIFS(Fact_CI_Deployments!$M:$M,Fact_CI_Deployments!$D:$D,$A10,Fact_CI_Deployments!$L:$L,$B10,Fact_CI_Deployments!$H:$H,"prod",Fact_CI_Deployments!$K:$K,"success")/H10) -> 2.1 | L10: =IF(F10=0,0,I10/F10) -> 0 | M10: =IF(AND(K10>6,L10>0.15),"Slow + quality risk",IF(AND(K10>6,H10<2),"Slow release loop",IF(AND(L10>0.12,H10>=2),"Quality watch",IF(AND(K10<4.5,L10<0.1),"Healthy flow","Needs review")))) -> Healthy flow | N10: =A10&"|"&B10 -> DEV-004|2026-03
A11: DEV-004 | B11: 2026-04 | C11: =INDEX(Dim_Developers!$B:$B,MATCH($A11,Dim_Developers!$A:$A,0)) -> Lucas Reed | D11: =INDEX(Dim_Developers!$C:$C,MATCH($A11,Dim_Developers!$A:$A,0)) -> MGR-02 | E11: =INDEX(Dim_Developers!$E:$E,MATCH($A11,Dim_Developers!$A:$A,0)) -> Checkout Web | F11: =COUNTIFS(Fact_Jira_Issues!$B:$B,$A11,Fact_Jira_Issues!$N:$N,$B11,Fact_Jira_Issues!$M:$M,"Done") -> 2 | G11: =COUNTIFS(Fact_Pull_Requests!$C:$C,$A11,Fact_Pull_Requests!$L:$L,$B11,Fact_Pull_Requests!$K:$K,"merged") -> 2 | H11: =COUNTIFS(Fact_CI_Deployments!$D:$D,$A11,Fact_CI_Deployments!$L:$L,$B11,Fact_CI_Deployments!$H:$H,"prod",Fact_CI_Deployments!$K:$K,"success") -> 2 | I11: =COUNTIFS(Fact_Bug_Reports!$C:$C,$A11,Fact_Bug_Reports!$K:$K,$B11,Fact_Bug_Reports!$I:$I,"Yes") -> 0 | J11: =IF(F11=0,0,SUMIFS(Fact_Jira_Issues!$O:$O,Fact_Jira_Issues!$B:$B,$A11,Fact_Jira_Issues!$N:$N,$B11,Fact_Jira_Issues!$M:$M,"Done")/F11) -> 3.55 | K11: =IF(H11=0,0,SUMIFS(Fact_CI_Deployments!$M:$M,Fact_CI_Deployments!$D:$D,$A11,Fact_CI_Deployments!$L:$L,$B11,Fact_CI_Deployments!$H:$H,"prod",Fact_CI_Deployments!$K:$K,"success")/H11) -> 2.9 | L11: =IF(F11=0,0,I11/F11) -> 0 | M11: =IF(AND(K11>6,L11>0.15),"Slow + quality risk",IF(AND(K11>6,H11<2),"Slow release loop",IF(AND(L11>0.12,H11>=2),"Quality watch",IF(AND(K11<4.5,L11<0.1),"Healthy flow","Needs review")))) -> Healthy flow | N11: =A11&"|"&B11 -> DEV-004|2026-04
A12: DEV-008 | B12: 2026-03 | C12: =INDEX(Dim_Developers!$B:$B,MATCH($A12,Dim_Developers!$A:$A,0)) -> Zara Khan | D12: =INDEX(Dim_Developers!$C:$C,MATCH($A12,Dim_Developers!$A:$A,0)) -> MGR-02 | E12: =INDEX(Dim_Developers!$E:$E,MATCH($A12,Dim_Developers!$A:$A,0)) -> Checkout Web | F12: =COUNTIFS(Fact_Jira_Issues!$B:$B,$A12,Fact_Jira_Issues!$N:$N,$B12,Fact_Jira_Issues!$M:$M,"Done") -> 2 | G12: =COUNTIFS(Fact_Pull_Requests!$C:$C,$A12,Fact_Pull_Requests!$L:$L,$B12,Fact_Pull_Requests!$K:$K,"merged") -> 2 | H12: =COUNTIFS(Fact_CI_Deployments!$D:$D,$A12,Fact_CI_Deployments!$L:$L,$B12,Fact_CI_Deployments!$H:$H,"prod",Fact_CI_Deployments!$K:$K,"success") -> 2 | I12: =COUNTIFS(Fact_Bug_Reports!$C:$C,$A12,Fact_Bug_Reports!$K:$K,$B12,Fact_Bug_Reports!$I:$I,"Yes") -> 0 | J12: =IF(F12=0,0,SUMIFS(Fact_Jira_Issues!$O:$O,Fact_Jira_Issues!$B:$B,$A12,Fact_Jira_Issues!$N:$N,$B12,Fact_Jira_Issues!$M:$M,"Done")/F12) -> 3.8 | K12: =IF(H12=0,0,SUMIFS(Fact_CI_Deployments!$M:$M,Fact_CI_Deployments!$D:$D,$A12,Fact_CI_Deployments!$L:$L,$B12,Fact_CI_Deployments!$H:$H,"prod",Fact_CI_Deployments!$K:$K,"success")/H12) -> 3.15 | L12: =IF(F12=0,0,I12/F12) -> 0 | M12: =IF(AND(K12>6,L12>0.15),"Slow + quality risk",IF(AND(K12>6,H12<2),"Slow release loop",IF(AND(L12>0.12,H12>=2),"Quality watch",IF(AND(K12<4.5,L12<0.1),"Healthy flow","Needs review")))) -> Healthy flow | N12: =A12&"|"&B12 -> DEV-008|2026-03
A13: DEV-008 | B13: 2026-04 | C13: =INDEX(Dim_Developers!$B:$B,MATCH($A13,Dim_Developers!$A:$A,0)) -> Zara Khan | D13: =INDEX(Dim_Developers!$C:$C,MATCH($A13,Dim_Developers!$A:$A,0)) -> MGR-02 | E13: =INDEX(Dim_Developers!$E:$E,MATCH($A13,Dim_Developers!$A:$A,0)) -> Checkout Web | F13: =COUNTIFS(Fact_Jira_Issues!$B:$B,$A13,Fact_Jira_Issues!$N:$N,$B13,Fact_Jira_Issues!$M:$M,"Done") -> 2 | G13: =COUNTIFS(Fact_Pull_Requests!$C:$C,$A13,Fact_Pull_Requests!$L:$L,$B13,Fact_Pull_Requests!$K:$K,"merged") -> 2 | H13: =COUNTIFS(Fact_CI_Deployments!$D:$D,$A13,Fact_CI_Deployments!$L:$L,$B13,Fact_CI_Deployments!$H:$H,"prod",Fact_CI_Deployments!$K:$K,"success") -> 2 | I13: =COUNTIFS(Fact_Bug_Reports!$C:$C,$A13,Fact_Bug_Reports!$K:$K,$B13,Fact_Bug_Reports!$I:$I,"Yes") -> 1 | J13: =IF(F13=0,0,SUMIFS(Fact_Jira_Issues!$O:$O,Fact_Jira_Issues!$B:$B,$A13,Fact_Jira_Issues!$N:$N,$B13,Fact_Jira_Issues!$M:$M,"Done")/F13) -> 3.85 | K13: =IF(H13=0,0,SUMIFS(Fact_CI_Deployments!$M:$M,Fact_CI_Deployments!$D:$D,$A13,Fact_CI_Deployments!$L:$L,$B13,Fact_CI_Deployments!$H:$H,"prod",Fact_CI_Deployments!$K:$K,"success")/H13) -> 3.4 | L13: =IF(F13=0,0,I13/F13) -> 0.5 | M13: =IF(AND(K13>6,L13>0.15),"Slow + quality risk",IF(AND(K13>6,H13<2),"Slow release loop",IF(AND(L13>0.12,H13>=2),"Quality watch",IF(AND(K13<4.5,L13<0.1),"Healthy flow","Needs review")))) -> Quality watch | N13: =A13&"|"&B13 -> DEV-008|2026-04
... A17: DEV-007 | B17: 2026-04 | C17: =INDEX(Dim_Developers!$B:$B,MATCH($A17,Dim_Developers!$A:$A,0)) -> Owen Brooks | D17: =INDEX(Dim_Developers!$C:$C,MATCH($A17,Dim_Developers!$A:$A,0)) -> MGR-03 | E17: =INDEX(Dim_Developers!$E:$E,MATCH($A17,Dim_Developers!$A:$A,0)) -> Mobile Growth | F17: =COUNTIFS(Fact_Jira_Issues!$B:$B,$A17,Fact_Jira_Issues!$N:$N,$B17,Fact_Jira_Issues!$M:$M,"Done") -> 2 | G17: =COUNTIFS(Fact_Pull_Requests!$C:$C,$A17,Fact_Pull_Requests!$L:$L,$B17,Fact_Pull_Requests!$K:$K,"merged") -> 2 | H17: =COUNTIFS(Fact_CI_Deployments!$D:$D,$A17,Fact_CI_Deployments!$L:$L,$B17,Fact_CI_Deployments!$H:$H,"prod",Fact_CI_Deployments!$K:$K,"success") -> 2 | I17: =COUNTIFS(Fact_Bug_Reports!$C:$C,$A17,Fact_Bug_Reports!$K:$K,$B17,Fact_Bug_Reports!$I:$I,"Yes") -> 0 | J17: =IF(F17=0,0,SUMIFS(Fact_Jira_Issues!$O:$O,Fact_Jira_Issues!$B:$B,$A17,Fact_Jira_Issues!$N:$N,$B17,Fact_Jira_Issues!$M:$M,"Done")/F17) -> 4.8 | K17: =IF(H17=0,0,SUMIFS(Fact_CI_Deployments!$M:$M,Fact_CI_Deployments!$D:$D,$A17,Fact_CI_Deployments!$L:$L,$B17,Fact_CI_Deployments!$H:$H,"prod",Fact_CI_Deployments!$K:$K,"success")/H17) -> 3.65 | L17: =IF(F17=0,0,I17/F17) -> 0 | M17: =IF(AND(K17>6,L17>0.15),"Slow + quality risk",IF(AND(K17>6,H17<2),"Slow release loop",IF(AND(L17>0.12,H17>=2),"Quality watch",IF(AND(K17<4.5,L17<0.1),"Healthy flow","Needs review")))) -> Healthy flow | N17: =A17&"|"&B17 -> DEV-007|2026-04

Sheet IC_Sample_View
A1: IC Sample View
A2: This is an example output style. You can design the product differently if your reasoning is clear.
A4: Selected developer | B4: DEV-002
A5: Selected month | B5: 2026-04
D6: Example interpretation
A7: Developer name | B7: =INDEX(Dim_Developers!$B:$B,MATCH($B$4,Dim_Developers!$A:$A,0)) -> Noah Patel | D7: This developer can merge work, but the total time to reach production is still slower than ideal. The product should help the user ask what is causing that delay.
A8: Team | B8: =INDEX(Dim_Developers!$E:$E,MATCH($B$4,Dim_Developers!$A:$A,0)) -> Payments API
A9: Lead time (days) | B9: =IF(COUNTIFS(Fact_CI_Deployments!$D:$D,$B$4,Fact_CI_Deployments!$L:$L,$B$5,Fact_CI_Deployments!$H:$H,"prod",Fact_CI_Deployments!$K:$K,"success")=0,0,SUMIFS(Fact_CI_Deployments!$M:$M,Fact_CI_Deployments!$D:$D,$B$4,Fact_CI_Deployments!$L:$L,$B$5,Fact_CI_Deployments!$H:$H,"prod",Fact_CI_Deployments!$K:$K,"success")/COUNTIFS(Fact_CI_Deployments!$D:$D,$B$4,Fact_CI_Deployments!$L:$L,$B$5,Fact_CI_Deployments!$H:$H,"prod",Fact_CI_Deployments!$K:$K,"success")) -> 3.75 | D9: Example next steps
A10: Cycle time (days) | B10: =IF(COUNTIFS(Fact_Jira_Issues!$B:$B,$B$4,Fact_Jira_Issues!$N:$N,$B$5,Fact_Jira_Issues!$M:$M,"Done")=0,0,SUMIFS(Fact_Jira_Issues!$O:$O,Fact_Jira_Issues!$B:$B,$B$4,Fact_Jira_Issues!$N:$N,$B$5,Fact_Jira_Issues!$M:$M,"Done")/COUNTIFS(Fact_Jira_Issues!$B:$B,$B$4,Fact_Jira_Issues!$N:$N,$B$5,Fact_Jira_Issues!$M:$M,"Done")) -> 5.4 | D10: 1. Reduce PR size or ticket scope so feedback arrives faster.
A11: PR throughput | B11: =COUNTIFS(Fact_Pull_Requests!$C:$C,$B$4,Fact_Pull_Requests!$L:$L,$B$5,Fact_Pull_Requests!$K:$K,"merged") -> 2 | D11: 2. Separate review delay from deployment delay before prescribing a fix.
A12: Deployment frequency | B12: =COUNTIFS(Fact_CI_Deployments!$D:$D,$B$4,Fact_CI_Deployments!$L:$L,$B$5,Fact_CI_Deployments!$H:$H,"prod",Fact_CI_Deployments!$K:$K,"success") -> 2 | D12: 3. Add one quality safeguard if the bug rate rises.
A13: Bug rate | B13: =IF(COUNTIFS(Fact_Jira_Issues!$B:$B,$B$4,Fact_Jira_Issues!$N:$N,$B$5,Fact_Jira_Issues!$M:$M,"Done")=0,0,COUNTIFS(Fact_Bug_Reports!$C:$C,$B$4,Fact_Bug_Reports!$K:$K,$B$5,Fact_Bug_Reports!$I:$I,"Yes")/COUNTIFS(Fact_Jira_Issues!$B:$B,$B$4,Fact_Jira_Issues!$N:$N,$B$5,Fact_Jira_Issues!$M:$M,"Done")) -> 0.5
A14: Pattern hint | B14: =IF(AND(B9>6,B13>0.15),"Slow + quality risk",IF(AND(B9>6,B12<2),"Slow release loop",IF(AND(B13>0.12,B12>=2),"Quality watch",IF(AND(B9<4.5,B13<0.1),"Healthy flow","Needs review")))) -> Quality watch

Sheet Manager_Sample_View
A1: manager_id | B1: manager_name | C1: month | D1: team_size | E1: avg_lead_time_days | F1: avg_cycle_time_days | G1: avg_bug_rate_pct | H1: signal
A2: MGR-01 | B2: Rina Kapoor | C2: 2026-03 | D2: =COUNTIFS(Dim_Developers!$C:$C,$A2) -> 3 | E2: =IF(COUNTIFS(Fact_CI_Deployments!$F:$F,$A2,Fact_CI_Deployments!$L:$L,$C2,Fact_CI_Deployments!$H:$H,"prod",Fact_CI_Deployments!$K:$K,"success")=0,0,SUMIFS(Fact_CI_Deployments!$M:$M,Fact_CI_Deployments!$F:$F,$A2,Fact_CI_Deployments!$L:$L,$C2,Fact_CI_Deployments!$H:$H,"prod",Fact_CI_Deployments!$K:$K,"success")/COUNTIFS(Fact_CI_Deployments!$F:$F,$A2,Fact_CI_Deployments!$L:$L,$C2,Fact_CI_Deployments!$H:$H,"prod",Fact_CI_Deployments!$K:$K,"success")) -> 3.0166667 | F2: =IF(COUNTIFS(Fact_Jira_Issues!$D:$D,$A2,Fact_Jira_Issues!$N:$N,$C2,Fact_Jira_Issues!$M:$M,"Done")=0,0,SUMIFS(Fact_Jira_Issues!$O:$O,Fact_Jira_Issues!$D:$D,$A2,Fact_Jira_Issues!$N:$N,$C2,Fact_Jira_Issues!$M:$M,"Done")/COUNTIFS(Fact_Jira_Issues!$D:$D,$A2,Fact_Jira_Issues!$N:$N,$C2,Fact_Jira_Issues!$M:$M,"Done")) -> 4.5333333 | G2: =IF(COUNTIFS(Fact_Jira_Issues!$D:$D,$A2,Fact_Jira_Issues!$N:$N,$C2,Fact_Jira_Issues!$M:$M,"Done")=0,0,COUNTIFS(Fact_Bug_Reports!$E:$E,$A2,Fact_Bug_Reports!$K:$K,$C2,Fact_Bug_Reports!$I:$I,"Yes")/COUNTIFS(Fact_Jira_Issues!$D:$D,$A2,Fact_Jira_Issues!$N:$N,$C2,Fact_Jira_Issues!$M:$M,"Done")) -> 0 | H2: =IF(AND(E2<4.5,G2<0.1),"Healthy flow",IF(AND(E2>6,G2>0.12),"Team needs help","Watch bottlenecks")) -> Healthy flow
A3: MGR-01 | B3: Rina Kapoor | C3: 2026-04 | D3: =COUNTIFS(Dim_Developers!$C:$C,$A3) -> 3 | E3: =IF(COUNTIFS(Fact_CI_Deployments!$F:$F,$A3,Fact_CI_Deployments!$L:$L,$C3,Fact_CI_Deployments!$H:$H,"prod",Fact_CI_Deployments!$K:$K,"success")=0,0,SUMIFS(Fact_CI_Deployments!$M:$M,Fact_CI_Deployments!$F:$F,$A3,Fact_CI_Deployments!$L:$L,$C3,Fact_CI_Deployments!$H:$H,"prod",Fact_CI_Deployments!$K:$K,"success")/COUNTIFS(Fact_CI_Deployments!$F:$F,$A3,Fact_CI_Deployments!$L:$L,$C3,Fact_CI_Deployments!$H:$H,"prod",Fact_CI_Deployments!$K:$K,"success")) -> 3.15 | F3: =IF(COUNTIFS(Fact_Jira_Issues!$D:$D,$A3,Fact_Jira_Issues!$N:$N,$C3,Fact_Jira_Issues!$M:$M,"Done")=0,0,SUMIFS(Fact_Jira_Issues!$O:$O,Fact_Jira_Issues!$D:$D,$A3,Fact_Jira_Issues!$N:$N,$C3,Fact_Jira_Issues!$M:$M,"Done")/COUNTIFS(Fact_Jira_Issues!$D:$D,$A3,Fact_Jira_Issues!$N:$N,$C3,Fact_Jira_Issues!$M:$M,"Done")) -> 4.3333333 | G3: =IF(COUNTIFS(Fact_Jira_Issues!$D:$D,$A3,Fact_Jira_Issues!$N:$N,$C3,Fact_Jira_Issues!$M:$M,"Done")=0,0,COUNTIFS(Fact_Bug_Reports!$E:$E,$A3,Fact_Bug_Reports!$K:$K,$C3,Fact_Bug_Reports!$I:$I,"Yes")/COUNTIFS(Fact_Jira_Issues!$D:$D,$A3,Fact_Jira_Issues!$N:$N,$C3,Fact_Jira_Issues!$M:$M,"Done")) -> 0.33333333 | H3: =IF(AND(E3<4.5,G3<0.1),"Healthy flow",IF(AND(E3>6,G3>0.12),"Team needs help","Watch bottlenecks")) -> Watch bottlenecks
A4: MGR-02 | B4: Samir Gupta | C4: 2026-03 | D4: =COUNTIFS(Dim_Developers!$C:$C,$A4) -> 3 | E4: =IF(COUNTIFS(Fact_CI_Deployments!$F:$F,$A4,Fact_CI_Deployments!$L:$L,$C4,Fact_CI_Deployments!$H:$H,"prod",Fact_CI_Deployments!$K:$K,"success")=0,0,SUMIFS(Fact_CI_Deployments!$M:$M,Fact_CI_Deployments!$F:$F,$A4,Fact_CI_Deployments!$L:$L,$C4,Fact_CI_Deployments!$H:$H,"prod",Fact_CI_Deployments!$K:$K,"success")/COUNTIFS(Fact_CI_Deployments!$F:$F,$A4,Fact_CI_Deployments!$L:$L,$C4,Fact_CI_Deployments!$H:$H,"prod",Fact_CI_Deployments!$K:$K,"success")) -> 3.0333333 | F4: =IF(COUNTIFS(Fact_Jira_Issues!$D:$D,$A4,Fact_Jira_Issues!$N:$N,$C4,Fact_Jira_Issues!$M:$M,"Done")=0,0,SUMIFS(Fact_Jira_Issues!$O:$O,Fact_Jira_Issues!$D:$D,$A4,Fact_Jira_Issues!$N:$N,$C4,Fact_Jira_Issues!$M:$M,"Done")/COUNTIFS(Fact_Jira_Issues!$D:$D,$A4,Fact_Jira_Issues!$N:$N,$C4,Fact_Jira_Issues!$M:$M,"Done")) -> 3.9 | G4: =IF(COUNTIFS(Fact_Jira_Issues!$D:$D,$A4,Fact_Jira_Issues!$N:$N,$C4,Fact_Jira_Issues!$M:$M,"Done")=0,0,COUNTIFS(Fact_Bug_Reports!$E:$E,$A4,Fact_Bug_Reports!$K:$K,$C4,Fact_Bug_Reports!$I:$I,"Yes")/COUNTIFS(Fact_Jira_Issues!$D:$D,$A4,Fact_Jira_Issues!$N:$N,$C4,Fact_Jira_Issues!$M:$M,"Done")) -> 0.16666667 | H4: =IF(AND(E4<4.5,G4<0.1),"Healthy flow",IF(AND(E4>6,G4>0.12),"Team needs help","Watch bottlenecks")) -> Watch bottlenecks
A5: MGR-02 | B5: Samir Gupta | C5: 2026-04 | D5: =COUNTIFS(Dim_Developers!$C:$C,$A5) -> 3 | E5: =IF(COUNTIFS(Fact_CI_Deployments!$F:$F,$A5,Fact_CI_Deployments!$L:$L,$C5,Fact_CI_Deployments!$H:$H,"prod",Fact_CI_Deployments!$K:$K,"success")=0,0,SUMIFS(Fact_CI_Deployments!$M:$M,Fact_CI_Deployments!$F:$F,$A5,Fact_CI_Deployments!$L:$L,$C5,Fact_CI_Deployments!$H:$H,"prod",Fact_CI_Deployments!$K:$K,"success")/COUNTIFS(Fact_CI_Deployments!$F:$F,$A5,Fact_CI_Deployments!$L:$L,$C5,Fact_CI_Deployments!$H:$H,"prod",Fact_CI_Deployments!$K:$K,"success")) -> 3.2833333 | F5: =IF(COUNTIFS(Fact_Jira_Issues!$D:$D,$A5,Fact_Jira_Issues!$N:$N,$C5,Fact_Jira_Issues!$M:$M,"Done")=0,0,SUMIFS(Fact_Jira_Issues!$O:$O,Fact_Jira_Issues!$D:$D,$A5,Fact_Jira_Issues!$N:$N,$C5,Fact_Jira_Issues!$M:$M,"Done")/COUNTIFS(Fact_Jira_Issues!$D:$D,$A5,Fact_Jira_Issues!$N:$N,$C5,Fact_Jira_Issues!$M:$M,"Done")) -> 3.4833333 | G5: =IF(COUNTIFS(Fact_Jira_Issues!$D:$D,$A5,Fact_Jira_Issues!$N:$N,$C5,Fact_Jira_Issues!$M:$M,"Done")=0,0,COUNTIFS(Fact_Bug_Reports!$E:$E,$A5,Fact_Bug_Reports!$K:$K,$C5,Fact_Bug_Reports!$I:$I,"Yes")/COUNTIFS(Fact_Jira_Issues!$D:$D,$A5,Fact_Jira_Issues!$N:$N,$C5,Fact_Jira_Issues!$M:$M,"Done")) -> 0.16666667 | H5: =IF(AND(E5<4.5,G5<0.1),"Healthy flow",IF(AND(E5>6,G5>0.12),"Team needs help","Watch bottlenecks")) -> Watch bottlenecks
A6: MGR-03 | B6: Priya Nair | C6: 2026-03 | D6: =COUNTIFS(Dim_Developers!$C:$C,$A6) -> 2 | E6: =IF(COUNTIFS(Fact_CI_Deployments!$F:$F,$A6,Fact_CI_Deployments!$L:$L,$C6,Fact_CI_Deployments!$H:$H,"prod",Fact_CI_Deployments!$K:$K,"success")=0,0,SUMIFS(Fact_CI_Deployments!$M:$M,Fact_CI_Deployments!$F:$F,$A6,Fact_CI_Deployments!$L:$L,$C6,Fact_CI_Deployments!$H:$H,"prod",Fact_CI_Deployments!$K:$K,"success")/COUNTIFS(Fact_CI_Deployments!$F:$F,$A6,Fact_CI_Deployments!$L:$L,$C6,Fact_CI_Deployments!$H:$H,"prod",Fact_CI_Deployments!$K:$K,"success")) -> 4.625 | F6: =IF(COUNTIFS(Fact_Jira_Issues!$D:$D,$A6,Fact_Jira_Issues!$N:$N,$C6,Fact_Jira_Issues!$M:$M,"Done")=0,0,SUMIFS(Fact_Jira_Issues!$O:$O,Fact_Jira_Issues!$D:$D,$A6,Fact_Jira_Issues!$N:$N,$C6,Fact_Jira_Issues!$M:$M,"Done")/COUNTIFS(Fact_Jira_Issues!$D:$D,$A6,Fact_Jira_Issues!$N:$N,$C6,Fact_Jira_Issues!$M:$M,"Done")) -> 5.25 | G6: =IF(COUNTIFS(Fact_Jira_Issues!$D:$D,$A6,Fact_Jira_Issues!$N:$N,$C6,Fact_Jira_Issues!$M:$M,"Done")=0,0,COUNTIFS(Fact_Bug_Reports!$E:$E,$A6,Fact_Bug_Reports!$K:$K,$C6,Fact_Bug_Reports!$I:$I,"Yes")/COUNTIFS(Fact_Jira_Issues!$D:$D,$A6,Fact_Jira_Issues!$N:$N,$C6,Fact_Jira_Issues!$M:$M,"Done")) -> 0.5 | H6: =IF(AND(E6<4.5,G6<0.1),"Healthy flow",IF(AND(E6>6,G6>0.12),"Team needs help","Watch bottlenecks")) -> Watch bottlenecks
A7: MGR-03 | B7: Priya Nair | C7: 2026-04 | D7: =COUNTIFS(Dim_Developers!$C:$C,$A7) -> 2 | E7: =IF(COUNTIFS(Fact_CI_Deployments!$F:$F,$A7,Fact_CI_Deployments!$L:$L,$C7,Fact_CI_Deployments!$H:$H,"prod",Fact_CI_Deployments!$K:$K,"success")=0,0,SUMIFS(Fact_CI_Deployments!$M:$M,Fact_CI_Deployments!$F:$F,$A7,Fact_CI_Deployments!$L:$L,$C7,Fact_CI_Deployments!$H:$H,"prod",Fact_CI_Deployments!$K:$K,"success")/COUNTIFS(Fact_CI_Deployments!$F:$F,$A7,Fact_CI_Deployments!$L:$L,$C7,Fact_CI_Deployments!$H:$H,"prod",Fact_CI_Deployments!$K:$K,"success")) -> 4.175 | F7: =IF(COUNTIFS(Fact_Jira_Issues!$D:$D,$A7,Fact_Jira_Issues!$N:$N,$C7,Fact_Jira_Issues!$M:$M,"Done")=0,0,SUMIFS(Fact_Jira_Issues!$O:$O,Fact_Jira_Issues!$D:$D,$A7,Fact_Jira_Issues!$N:$N,$C7,Fact_Jira_Issues!$M:$M,"Done")/COUNTIFS(Fact_Jira_Issues!$D:$D,$A7,Fact_Jira_Issues!$N:$N,$C7,Fact_Jira_Issues!$M:$M,"Done")) -> 5.65 | G7: =IF(COUNTIFS(Fact_Jira_Issues!$D:$D,$A7,Fact_Jira_Issues!$N:$N,$C7,Fact_Jira_Issues!$M:$M,"Done")=0,0,COUNTIFS(Fact_Bug_Reports!$E:$E,$A7,Fact_Bug_Reports!$K:$K,$C7,Fact_Bug_Reports!$I:$I,"Yes")/COUNTIFS(Fact_Jira_Issues!$D:$D,$A7,Fact_Jira_Issues!$N:$N,$C7,Fact_Jira_Issues!$M:$M,"Done")) -> 0 | H7: =IF(AND(E7<4.5,G7<0.1),"Healthy flow",IF(AND(E7>6,G7>0.12),"Team needs help","Watch bottlenecks")) -> Healthy flow

Sheet Rubric
A1: Evaluation Rubric
A2: This is for the reviewer, but candidates can also read it to understand what matters.
A3: Category | B3: What good looks like | C3: Weight
A5: Problem understanding | B5: Explains the developer problem clearly and chooses a sensible scope. | C5: 20%
A6: Product thinking | B6: Shows a coherent user journey and useful reasoning, not just charts. | C6: 20%
A7: Frontend quality | B7: React app is clear, usable, and easy to follow. | C7: 15%
A8: Backend / data handling | B8: Uses the sample data sensibly and keeps the implementation simple. | C8: 15%
A9: Communication | B9: Video is clear, structured, and understandable. | C9: 15%
A10: AI usage discipline | B10: Used AI well without losing originality or understanding. | C10: 15%

Sheet Reviewer_Scorecard
A1: Reviewer Scorecard
A2: Enter scores from 1 to 5. Weighted total calculates automatically.
A4: Candidate name | C4: Reviewer
A6: Category | B6: Weight | C6: Score (1-5) | D6: Weighted score | E6: Notes
A7: Problem understanding | B7: 0.2 | D7: =B7*C7 -> 0
A8: Product thinking | B8: 0.2 | D8: =B8*C8 -> 0
A9: Frontend quality | B9: 0.15 | D9: =B9*C9 -> 0
A10: Backend / data handling | B10: 0.15 | D10: =B10*C10 -> 0
A11: Communication | B11: 0.15 | D11: =B11*C11 -> 0
A12: AI usage discipline | B12: 0.15 | D12: =B12*C12 -> 0
A13: Total | D13: =SUM(D7:D12) -> 0

Sheet Reviewer_Guide
A1: Reviewer Guide
A2: Use this to keep interviews aligned.
A3: Prompt | B3: What to listen for
A5: Can the candidate explain the problem in plain English? | B5: They should explain the user problem before talking about the tech stack.
A6: Did the candidate choose a reasonable MVP? | B6: A thoughtful small solution should score better than an unfinished big idea.
A7: Do they understand the metrics? | B7: They should know what they calculated and why it matters.
A8: Can they explain their code and AI use? | B8: AI use is fine, but they must understand what they built.
A9: Does the product feel helpful? | B9: The product should guide a developer, not only report numbers.
